{
  "horizon_weeks": 78,
  "archetype_params": {
    "0": {
      "a": 1.5770996305447829,
      "t_peak": 1.0000000000000002
    },
    "1": {
      "a": 0.20138892853561557,
      "t_peak": 1.0000000000000007
    },
    "3": {
      "a": 0.20000000000000004,
      "t_peak": 7.805428470132883
    }
  }
}