{
  "horizon_weeks": 78,
  "archetype_params": {
    "0": {
      "a": 1.1521600520663484,
      "t_peak": 1.0000000000000002
    },
    "1": {
      "a": 19.999978137769922,
      "t_peak": 1.0000000000000002
    },
    "2": {
      "a": 19.999978137769922,
      "t_peak": 1.0000000000000002
    },
    "3": {
      "a": 19.999978137769922,
      "t_peak": 1.0000000000000002
    }
  }
}