{
  "horizon_weeks": 78,
  "archetype_params": {
    "0": {
      "a": 0.20000000000000007,
      "t_peak": 6.586260877584096
    },
    "1": {
      "a": 0.20000000000007243,
      "t_peak": 11.01351630941939
    },
    "2": {
      "a": 0.20000000000000004,
      "t_peak": 1.0453418244493138
    },
    "3": {
      "a": 0.2281858420186505,
      "t_peak": 77.99999999999994
    }
  }
}